Title,Note,URL,Tags,Comment
,,,,
TALEA Beer Co. - Cobble Hill,,https://www.google.com/maps/place/TALEA+Beer+Co.+-+Cobble+Hill/data=!4m2!3m1!1s0x89c25b09e5e678ed:0x8f4b24fb93049910,,
The Lot Radio,,https://www.google.com/maps/place/The+Lot+Radio/data=!4m2!3m1!1s0x89c2594360dafe47:0xaab922eed9730ece,,
The Back Room,,https://www.google.com/maps/place/The+Back+Room/data=!4m2!3m1!1s0x89c259811e7d8d9d:0xac44d532c045cf7e,,
horse with no name,,https://www.google.com/maps/place/horse+with+no+name/data=!4m2!3m1!1s0x89c259000b7c6e99:0xb1ac09b216b88a1c,,
The Ready Cantina,,https://www.google.com/maps/place/The+Ready+Cantina/data=!4m2!3m1!1s0x89c2592740f151fb:0xea546b5d0efc782c,,
Bar Pisellino,,https://www.google.com/maps/place/Bar+Pisellino/data=!4m2!3m1!1s0x89c259f5369f4b1d:0xa7e350947b64ee68,,
Parcelle Greenwich Village,,https://www.google.com/maps/place/Parcelle+Greenwich+Village/data=!4m2!3m1!1s0x89c2599c504d7515:0x543c755be7cf1b0e,,
Rudy's Bar & Grill,Chaotic and cheap. American,https://www.google.com/maps/place/Rudy's+Bar+%26+Grill/data=!4m2!3m1!1s0x89c258524aab173b:0x62a5020e2c5d6a3e,,
Arts and Crafts Beer Parlor,,https://www.google.com/maps/place/Arts+and+Crafts+Beer+Parlor/data=!4m2!3m1!1s0x89c2f63e74af64fd:0xb2df63bcc5a0773a,,
Burp Castle,,https://www.google.com/maps/place/Burp+Castle/data=!4m2!3m1!1s0x89c2599c839b3f05:0xeccfd1fb265b9228,,
Elvis,,https://www.google.com/maps/place/Elvis/data=!4m2!3m1!1s0x89c2590052c187ed:0x589513606a0bcf77,,
Delta Charlie,,https://www.google.com/maps/place/Delta+Charlie/data=!4m2!3m1!1s0x89c2595ae662fdcb:0xf279d95e723dde00,,
CARTA Wine Bar New York,,https://www.google.com/maps/place/CARTA+Wine+Bar+New+York/data=!4m2!3m1!1s0x89c2590021e4302b:0x1891218a4baff3d7,,
"Amélie West Village Restaurant, Bistro & Wine Bar",,"https://www.google.com/maps/place/Am%C3%A9lie+West+Village+Restaurant,+Bistro+%26+Wine+Bar/data=!4m2!3m1!1s0x89c259972a3ead8d:0x110782775ad2e1b8",,
Temperance,,https://www.google.com/maps/place/Temperance/data=!4m2!3m1!1s0x89c259ce3ef99cc3:0x946cb3e2587281a1,,
Tom and Jerry's,,https://www.google.com/maps/place/Tom+and+Jerry's/data=!4m2!3m1!1s0x89c2598574c6aeff:0xd681d51064cf8508,,
Stafili Wine Cafe,,https://www.google.com/maps/place/Stafili+Wine+Cafe/data=!4m2!3m1!1s0x89c259cbf6a3231f:0x318c7b74bbfd90e9,,
Bar Revival,,https://www.google.com/maps/place/Bar+Revival/data=!4m2!3m1!1s0x89c259fae65eb88b:0x56a6999c478f26a7,,
Ray’s,,https://www.google.com/maps/place/Ray%E2%80%99s/data=!4m2!3m1!1s0x89c2593ce2c5ab29:0x9628c28786871ea6,,
Casetta,,https://www.google.com/maps/place/Casetta/data=!4m2!3m1!1s0x89c25be477976efd:0x18e73166e14435af,,
Parcelle Chinatown,,https://www.google.com/maps/place/Parcelle+Chinatown/data=!4m2!3m1!1s0x89c2584cd6467523:0x26bd52590f092a10,,
Le Dive,,https://www.google.com/maps/place/Le+Dive/data=!4m2!3m1!1s0x89c25b44d3d085a3:0xced6a4583d9f6aa2,,
Dae,,https://www.google.com/maps/place/Dae/data=!4m2!3m1!1s0x89c25bccfd33bb73:0xba5c255c0223e2ae,,
Million Goods,,https://www.google.com/maps/place/Million+Goods/data=!4m2!3m1!1s0x89c259004b7be81b:0xe8a7c53654cd4b50,,
McSorley’s Old Ale House,Oldest pub in America?,https://www.google.com/maps/place/McSorley%E2%80%99s+Old+Ale+House/data=!4m2!3m1!1s0x89c2599b7792d019:0xd1aabb33cbcc8b7d,,
TIME AGAIN,,https://www.google.com/maps/place/TIME+AGAIN/data=!4m2!3m1!1s0x89c25b3d5cecbb15:0xc48d627141e3e8c4,,
George Keeley,,https://www.google.com/maps/place/George+Keeley/data=!4m2!3m1!1s0x89c25885c9414237:0x94c3db434416156a,,
"The Dead Rabbit, New York City",Irish coffee recommendation from twitter,"https://www.google.com/maps/place/The+Dead+Rabbit,+New+York+City/data=!4m2!3m1!1s0x89c25a1469891821:0xea6b2acef790acd8",,
The District,Kinda cheap and kinda late happy hour,https://www.google.com/maps/place/The+District/data=!4m2!3m1!1s0x89c258a5c88ad9f7:0xecf6f12e14ad235c,,
Bar Veloce,,https://www.google.com/maps/place/Bar+Veloce/data=!4m2!3m1!1s0x89c259289415d343:0xd4dc00d90b269a40,,
Bar Veloce,,https://www.google.com/maps/place/Bar+Veloce/data=!4m2!3m1!1s0x89c25970dad43721:0x6d4eacfa4d30ddbf,,
Bar Veloce,,https://www.google.com/maps/place/Bar+Veloce/data=!4m2!3m1!1s0x89c259bb7cac742b:0x9a956bf31c262c9a,,
The Ragtrader & Bo Peep Cocktail and Highball Store,,https://www.google.com/maps/place/The+Ragtrader+%26+Bo+Peep+Cocktail+and+Highball+Store/data=!4m2!3m1!1s0x89c259a97e0f6b15:0x95f653eb828df045,,
The Immigrant,Bar Luzon,https://www.google.com/maps/place/The+Immigrant/data=!4m2!3m1!1s0x89c2599daf3c1707:0x814abfb111541258,,
Accidental Bar,Sake (Bar Luzon),https://www.google.com/maps/place/Accidental+Bar/data=!4m2!3m1!1s0x89c259e19d3ce851:0x693c132ca0f8308d,,
Other Half Brewing Domino Park,,https://www.google.com/maps/place/Other+Half+Brewing+Domino+Park/data=!4m2!3m1!1s0x89c2596fdb27bbf5:0xa8a66edc300d21d0,,
